ID;Price;Area;Rooms;Flrs;Baths;Land;YearB;Age;Auto;Public;Inc;PM2_5;Edu;Condtn;Subbrbs
1;1200;147;5;1;2;580;2014;6;55;35;2231,4;24,9;60,87552594;3;Ząbki
2;625;127;6;2;3;130;2021;-1;55;45;2231,4;24,9;60,87552594;;Ząbki
3;1000;104;4;1;2;977;1960;60;55;46;2231,4;24,9;60,87552594;2;Ząbki
4;1300;167;6;1;2;783;2010;10;50;46;2231,4;24,9;60,87552594;2;Ząbki
5;2700;690;15;2;5;1200;1998;22;55;49;2231,4;24,9;60,87552594;3;Ząbki
6;499;136;4;0;1;456;1970;50;55;43;2231,4;24,9;60,87552594;1;Ząbki
7;1490;335,76;10;2;8;374;2015;5;50;38;2231,4;24,9;60,87552594;3;Ząbki
8;1495;353;8;1;4;600;1991;29;55;29;2231,4;24,9;60,87552594;2;Ząbki
9;990;167,56;5;2;2;283;2007;13;55;35;2231,4;24,9;60,87552594;4;Ząbki
10;1142;146,7;5;1;2;1001;1997;23;60;53;2231,4;24,9;60,87552594;3;Ząbki
11;898;180;4;2;2;500;BRAK;BRAK;50;39;2231,4;24,9;60,87552594;3;Ząbki
12;550;89,68;5;1;2;83;2022;-2;60;51;2701,18;22,1;58,63391565;;Marki
13;600;126,41;5;1;2;BRAK;2016;4;60;34;2701,18;22,1;58,63391565;2;Marki
14;1190;170;4;1;1;1050;2009;11;60;74;2701,18;22,1;58,63391565;2;Marki
15;1480;460;8;2;3;1211;1997;23;65;57;2701,18;22,1;58,63391565;3;Marki
16;790;138,6;5;0;1;367;2008;12;60;33;2701,18;22,1;58,63391565;3;Marki
17;849;151,8;4;1;2;505;2003;17;60;28;2701,18;22,1;58,63391565;2;Marki
18;1280;269,44;5;1;2;370;2009;11;70;76;2701,18;22,1;58,63391565;4;Marki
19;1250;246,18;7;1;2;1061;2014;6;65;37;2701,18;22,1;58,63391565;3;Marki
20;670;111;4;1;1;712;1996;24;60;49;2701,18;22,1;58,63391565;2;Marki
21;2750;200;4;2;2;1133;2001;19;65;68;2701,18;22,1;58,63391565;4;Marki
22;705;133;5;3;2;BRAK;2018;2;55;39;2701,18;22,1;58,63391565;3;Marki
23;1200;195;5;2;2;144;2016;4;55;38;2701,18;22,1;58,63391565;3;Marki
24;510;113;4;1;2;130;2020;0;65;68;2701,18;22,1;58,63391565;;Marki
25;849;156;5;1;2;553;2000;20;60;35;2701,18;22,1;58,63391565;3;Marki
26;850;240;5;2;2;550;1999;21;60;33;2701,18;22,1;58,63391565;2;Marki
27;1290;460;9;2;3;650;1999;21;60;49;2701,18;22,1;58,63391565;3;Marki
28;1550;207;6;2;2;668;2006;14;65;60;2701,18;22,1;58,63391565;4;Marki
29;580;106;4;0;1;390;1951;69;65;54;2701,18;22,1;58,63391565;2;Marki
30;1450;260;7;1;2;990;2002;18;65;64;2701,18;22,1;58,63391565;4;Marki
31;950;172;5;1;4;665;2015;5;70;65;2701,18;22,1;58,63391565;1;Marki
32;1690;270;5;2;2;2500;2000;20;65;67;2701,18;22,1;58,63391565;3;Marki
33;1590;380;6;1;2;1530;2010;10;70;71;2701,18;22,1;58,63391565;3;Marki
34;750;180;5;1;2;333;2005;15;60;28;2701,18;22,1;58,63391565;2;Marki
35;1900;290;6;1;2;1300;2011;9;65;35;2701,18;22,1;58,63391565;3;Marki
36;750;240;7;3;2;640;1974;46;60;32;2701,18;22,1;58,63391565;3;Marki
37;900;180;5;2;3;700;1995;25;65;54;2341,88;21,8;62,98780305;3;Kobyłka
38;1300;243,2;5;1;2;926;2007;13;70;52;2341,88;21,8;62,98780305;3;Kobyłka
39;800;267;6;2;2;611;1980;40;70;42;2341,88;21,8;62,98780305;1;Kobyłka
40;1790;400;6;1;3;2500;1999;21;55;51;2341,88;21,8;62,98780305;4;Kobyłka
41;480;100;4;1;1;350;BRAK;BRAK;70;47;2341,88;21,8;62,98780305;;Kobyłka
42;799;250;11;2;6;530;1976;44;65;41;2341,88;21,8;62,98780305;1;Kobyłka
43;690;144;4;1;2;900;1983;37;70;54;2341,88;21,8;62,98780305;1;Kobyłka
44;862;128;3;1;2;736;1960;60;55;52;2902,59;18,4;56,18530623;3;Zielonka
45;849;170;6;1;2;1152;2010;10;60;38;2902,59;18,4;56,18530623;3;Zielonka
46;570;89,8;3;1;1;200;2009;11;60;31;2902,59;18,4;56,18530623;2;Zielonka
47;1650;400;8;1;4;1346;2004;16;65;39;2902,59;18,4;56,18530623;3;Zielonka
48;900;180;4;1;2;398;2011;9;65;39;2902,59;18,4;56,18530623;3;Zielonka
49;790;320;6;1;2;792;1996;24;65;39;2902,59;18,4;56,18530623;2;Zielonka
50;790;316;10;2;2;570;1990;30;60;45;2902,59;18,4;56,18530623;2;Zielonka
51;830;300;6;2;3;570;1970;50;60;45;2902,59;18,4;56,18530623;2;Zielonka
52;930;185;5;1;2;543;2009;11;60;34;2902,59;18,4;56,18530623;3;Zielonka
53;929;200;6;1;2;670;2009;11;65;39;2902,59;18,4;56,18530623;3;Zielonka
54;510;130;5;1;2;635;1980;40;55;44;2902,59;18,4;56,18530623;1;Zielonka
55;790;300;12;2;2;568;1982;38;60;45;2902,59;18,4;56,18530623;1;Zielonka
56;650;96,44;4;0;1;683;2003;17;80;66;1982,13;21,1;56,03251075;1;Wołomin
57;860;423,19;6;1;3;677;1994;26;80;63;1982,13;21,1;56,03251075;2;Wołomin
58;820;201;5;1;2;654;2002;18;80;66;1982,13;21,1;56,03251075;2;Wołomin
59;1200;289;7;1;2;1659;1999;21;75;52;1982,13;21,1;56,03251075;1;Wołomin
60;1350;300;6;1;2;1120;2012;8;75;65;1982,13;21,1;56,03251075;4;Wołomin
61;599;125,03;4;1;2;410;2020;0;70;70;2956,31;17,7;52,82488702;;Radzymin
62;1275;330,8;6;1;3;1000;2007;13;70;70;2956,31;17,7;52,82488702;4;Radzymin
63;2400;426;7;1;2;51200;1994;26;70;70;2956,31;17,7;52,82488702;3;Radzymin
64;859;153;6;1;2;473;2007;13;70;70;2956,31;17,7;52,82488702;1;Radzymin
65;1200;378;4;1;2;2376;2004;16;65;74;2956,31;17,7;52,82488702;3;Radzymin
66;970;305;6;1;3;760;2008;12;70;77;2956,31;17,7;52,82488702;3;Radzymin
67;797;259;6;2;3;445;1965;55;70;69;2956,31;17,7;52,82488702;3;Radzymin
68;950;200;5;2;1;1500;1992;28;75;105;2956,31;17,7;52,82488702;3;Radzymin
69;1400;220;7;2;3;3908;2000;20;80;90;3950,7;17,9;61,80799196;4;Nieporęt
70;1150;152,6;6;2;3;916;2008;12;75;82;3950,7;17,9;61,80799196;3;Nieporęt
71;2600;300;6;1;3;1000;2009;11;80;67;3950,7;17,9;61,80799196;4;Nieporęt
72;2000;279,8;6;1;4;1502;2003;17;70;59;3950,7;17,9;61,80799196;4;Nieporęt
73;699;320;4;1;1;590;2001;19;70;59;3950,7;17,9;61,80799196;1;Nieporęt
74;459;85;3;2;2;95;2003;17;80;58;2426,92;23,3;63,89904981;3;Legionowo
75;799;108,4;4;1;2;679;2008;12;80;65;2426,92;23,3;63,89904981;2;Legionowo
76;660;160;5;3;2;666;1980;40;75;59;2426,92;23,3;63,89904981;1;Legionowo
77;459;92,04;4;2;3;36;2020;0;75;62;2426,92;23,3;63,89904981;;Legionowo
78;999;300;7;2;2;575;1960;60;70;49;2426,92;23,3;63,89904981;3;Legionowo
79;2650;200;6;2;1;1276;1927;93;45;27;2261,96;25,1;57,91313424;;Piastów
80;915;102;6;2;2;722;1972;48;45;37;2261,96;25,1;57,91313424;2;Piastów
81;1150;284;6;1;1;1215;2000;20;45;36;2261,96;25,1;57,91313424;3;Piastów
82;870;115;6;1;2;633;1980;40;60;37;2261,96;25,1;57,91313424;1;Piastów
83;690;176;9;2;3;600;1994;26;55;39;2261,96;25,1;57,91313424;1;Piastów
84;1500;230;12;1;2;1879;1980;40;60;56;4357,33;16,6;66,11179245;2;Izabelin
85;880;185;6;2;2;650;2020;0;55;47;4357,33;16,6;66,11179245;;Izabelin
86;1490;270;6;1;4;1250;2000;20;60;51;4357,33;16,6;66,11179245;2;Izabelin
87;4700;432;9;1;3;2419;2000;20;65;63;4357,33;16,6;66,11179245;4;Izabelin
88;4500;400;6;2;4;2000;2015;5;60;57;4357,33;16,6;66,11179245;4;Izabelin
89;1850;194;5;2;2;540;2006;14;60;61;4357,33;16,6;66,11179245;4;Izabelin
90;3600;275;6;1;1;2393;1990;30;60;57;4357,33;16,6;66,11179245;2;Izabelin
91;2900;280;6;1;4;3700;2004;16;60;63;4357,33;16,6;66,11179245;4;Izabelin
92;1695;250;5;1;3;1030;2006;14;55;62;4575,08;18,6;74,02251632;4;Podkowa Leśna
93;1970;320;7;1;3;2850;1980;40;65;61;4575,08;18,6;74,02251632;4;Podkowa Leśna
94;3750;420;7;1;3;2162;2002;18;65;60;4575,08;18,6;74,02251632;4;Podkowa Leśna
95;1999;350;6;1;2;1800;1999;21;60;67;4575,08;18,6;74,02251632;3;Podkowa Leśna
96;1999;400;5;1;3;2144;2000;20;60;65;4575,08;18,6;74,02251632;4;Podkowa Leśna
97;4300;600;10;1;4;3410;1910;110;60;62;4575,08;18,6;74,02251632;;Podkowa Leśna
98;1899;205;5;1;3;1805;1990;30;55;60;4575,08;18,6;74,02251632;4;Podkowa Leśna
99;3450;400;7;1;4;1500;2007;13;60;59;4973,12;18,1;64,69893147;4;Konstancin-Jeziorna
100;1490;254;6;1;4;1200;BRAK;BRAK;70;77;4973,12;18,1;64,69893147;;Konstancin-Jeziorna
101;4850;478,9;6;1;6;1967;2013;7;60;61;4973,12;18,1;64,69893147;4;Konstancin-Jeziorna
102;3500;397;6;1;3;1520;2009;11;60;59;4973,12;18,1;64,69893147;4;Konstancin-Jeziorna
103;2550;220;7;3;3;600;2020;0;60;60;4973,12;18,1;64,69893147;;Konstancin-Jeziorna
104;4900;550;7;4;5;935;2020;0;65;60;4973,12;18,1;64,69893147;5;Konstancin-Jeziorna
105;5200;240;5;1;2;2011;2017;3;65;68;4973,12;18,1;64,69893147;5;Konstancin-Jeziorna
106;2600;280;5;1;2;569;2002;18;60;59;4973,12;18,1;64,69893147;4;Konstancin-Jeziorna
107;1900;304;6;2;2;800;2018;2;65;66;4973,12;18,1;64,69893147;1;Konstancin-Jeziorna
108;2950;340;7;2;4;820;2009;11;55;61;4973,12;18,1;64,69893147;3;Konstancin-Jeziorna
109;1700;301;5;1;3;586;2020;0;65;71;4973,12;18,1;64,69893147;;Konstancin-Jeziorna
110;4900;368;9;2;5;935;2007;13;60;59;4973,12;18,1;64,69893147;5;Konstancin-Jeziorna
111;2100;220;6;1;2;710;2009;11;60;54;4973,12;18,1;64,69893147;4;Konstancin-Jeziorna
112;1650;301;5;1;3;645;2020;0;65;71;4973,12;18,1;64,69893147;;Konstancin-Jeziorna
113;1495;245;5;1;3;1850;2020;0;75;77;4973,12;18,1;64,69893147;;Konstancin-Jeziorna
114;2999;450;9;1;3;2500;1990;30;70;70;4973,12;18,1;64,69893147;4;Konstancin-Jeziorna
115;998;201,54;6;2;2;379;1999;21;65;70;4973,12;18,1;64,69893147;4;Konstancin-Jeziorna
116;19500;1086;10;1;7;9268;2000;20;70;63;4973,12;18,1;64,69893147;5;Konstancin-Jeziorna
117;3090;200;10;2;3;2798;1990;30;70;79;4973,12;18,1;64,69893147;5;Konstancin-Jeziorna
118;2000;420;6;1;3;720;1996;24;60;54;4973,12;18,1;64,69893147;3;Konstancin-Jeziorna
119;1400;240;8;1;2;1065;2001;19;75;95;4973,12;18,1;64,69893147;3;Konstancin-Jeziorna
120;1650;562,45;12;1;3;2100;1998;22;70;91;4973,12;18,1;64,69893147;3;Konstancin-Jeziorna
121;2290;300;8;3;5;2500;1992;28;70;85;4973,12;18,1;64,69893147;3;Konstancin-Jeziorna
122;2200;193,3;6;1;2;1046;2000;20;60;76;4973,12;18,1;64,69893147;4;Konstancin-Jeziorna
123;3000;450;6;1;2;2500;1994;26;70;75;4973,12;18,1;64,69893147;3;Konstancin-Jeziorna
124;2000;290,3;7;1;2;847;2012;8;65;70;4973,12;18,1;64,69893147;4;Konstancin-Jeziorna
125;1398;138;4;1;2;515;2019;1;60;69;4973,12;18,1;64,69893147;4;Konstancin-Jeziorna
126;2480;280;5;2;3;2250;1997;23;75;87;4973,12;18,1;64,69893147;3;Konstancin-Jeziorna
127;3550;396,5;10;1;4;2870;2000;20;70;73;4973,12;18,1;64,69893147;2;Konstancin-Jeziorna
128;4940;395;6;1;2;1701;2009;11;65;70;4973,12;18,1;64,69893147;4;Konstancin-Jeziorna
129;3100;446;7;1;3;2798;1993;27;70;80;4973,12;18,1;64,69893147;2;Konstancin-Jeziorna
130;1900;342,26;6;1;4;925;1997;23;65;76;4973,12;18,1;64,69893147;3;Konstancin-Jeziorna
131;2290;380;9;1;3;2500;1995;25;65;82;4973,12;18,1;64,69893147;3;Konstancin-Jeziorna
132;2775;195,9;5;1;3;869;2008;12;60;54;4973,12;18,1;64,69893147;4;Konstancin-Jeziorna
133;3000;590;9;2;5;2555;1994;26;70;70;4973,12;18,1;64,69893147;3;Konstancin-Jeziorna
134;3500;460;7;1;3;2000;1928;92;70;81;4973,12;18,1;64,69893147;;Konstancin-Jeziorna
135;4500;432;9;1;3;2130;1986;34;65;61;4973,12;18,1;64,69893147;4;Konstancin-Jeziorna
136;4500;650;6;1;4;3300;2012;8;70;63;4973,12;18,1;64,69893147;4;Konstancin-Jeziorna
137;4800;500;7;1;5;2850;2010;10;70;63;4973,12;18,1;64,69893147;4;Konstancin-Jeziorna
138;5000;470;7;1;4;1154;2008;12;70;83;4973,12;18,1;64,69893147;5;Konstancin-Jeziorna
139;1750;301,67;5;1;3;603;2020;0;70;71;4973,12;18,1;64,69893147;3;Konstancin-Jeziorna
140;3090;400;8;2;4;2800;1997;23;75;73;4973,12;18,1;64,69893147;3;Konstancin-Jeziorna
141;4150;500;8;3;4;3000;2000;20;70;81;4973,12;18,1;64,69893147;3;Konstancin-Jeziorna
142;1190;188;4;1;2;1100;2001;19;70;83;4973,12;18,1;64,69893147;4;Konstancin-Jeziorna
143;3200;340;5;2;3;4065;1984;36;75;84;4973,12;18,1;64,69893147;3;Konstancin-Jeziorna
144;1590;235,8;7;2;3;690;1998;22;70;68;4973,12;18,1;64,69893147;3;Konstancin-Jeziorna
145;2490;290;8;2;3;1200;2010;10;70;79;4973,12;18,1;64,69893147;4;Konstancin-Jeziorna
146;3900;712;9;1;4;4500;2000;20;75;94;4973,12;18,1;64,69893147;5;Konstancin-Jeziorna
148;9990;784;11;2;7;3339;2014;6;70;69;4973,12;18,1;64,69893147;5;Konstancin-Jeziorna
149;2000;250;6;1;2;847;2010;10;70;68;4973,12;18,1;64,69893147;5;Konstancin-Jeziorna
150;6000;421,8;8;1;5;3646;2006;14;70;71;4973,12;18,1;64,69893147;4;Konstancin-Jeziorna
151;6950;730;11;1;8;3000;2010;10;60;58;4973,12;18,1;64,69893147;4;Konstancin-Jeziorna
152;2450;240;5;1;4;966;1988;32;70;71;4973,12;18,1;64,69893147;4;Konstancin-Jeziorna
153;749;166;4;1;2;300;2020;0;50;67;3736,09;19;60,98378847;5;Raszyn
154;8850;491;5;1;3;7394;2020;0;45;54;3736,09;19;60,98378847;3;Raszyn
155;1640;250;6;1;3;500;1996;24;45;54;3736,09;19;60,98378847;4;Raszyn
156;890;173;6;2;2;1600;1975;45;45;65;3736,09;19;60,98378847;1;Raszyn
157;1150;200;5;2;3;1204;2010;10;45;55;3736,09;19;60,98378847;3;Raszyn
158;3900;750;9;2;4;890;2000;20;50;48;3736,09;19;60,98378847;4;Raszyn
159;1790;165;7;2;3;975;1981;39;45;51;3736,09;19;60,98378847;3;Raszyn
160;730;107;4;2;2;954;1980;40;45;58;3736,09;19;60,98378847;1;Raszyn
161;999,9;71,9;4;1;2;651;2014;6;50;55;3736,09;19;60,98378847;4;Raszyn
162;1310;343;6;2;1;789;2003;17;45;54;3736,09;19;60,98378847;2;Raszyn
163;1500;350;12;1;3;550;1980;40;45;50;3736,09;19;60,98378847;2;Raszyn
164;1550;188;6;1;2;1200;2004;16;59;50;3736,09;19;60,98378847;3;Raszyn
165;690;160;5;1;2;902;1996;24;50;54;3736,09;19;60,98378847;1;Raszyn
166;860;290;6;1;2;355;2000;20;50;48;3736,09;19;60,98378847;1;Raszyn
167;897;195;6;2;4;475;1997;23;50;71;3736,09;19;60,98378847;1;Raszyn
168;2175;245;5;1;3;2500;2010;10;55;67;3736,09;19;60,98378847;4;Raszyn
169;1440;279,05;6;1;3;1280;2001;19;50;63;3736,09;19;60,98378847;3;Raszyn
170;649;120;4;1;2;329;2020;0;55;66;3736,09;19;60,98378847;3;Raszyn
171;1190;219;5;0;2;2454;1991;29;75;61;2682,02;18,5;62,08175355;2;Jabłonna
172;622;162,2;6;1;3;1071;1993;27;80;39;2682,02;18,5;62,08175355;1;Jabłonna
173;686;136;4;1;2;907;2010;10;80;60;2682,02;18,5;62,08175355;3;Jabłonna
174;1785;160;4;2;3;1485;2008;12;80;45;2682,02;18,5;62,08175355;4;Jabłonna
175;1100;187,4;6;1;2;1000;2002;18;60;67;2682,02;18,5;62,08175355;3;Jabłonna
176;1140;450;10;1;3;1614;1999;21;75;91;2682,02;18,5;62,08175355;1;Jabłonna
177;1550;130;3;1;2;1148;2018;2;60;76;2682,02;18,5;62,08175355;3;Jabłonna
178;1800;250;4;0;3;2047;2020;0;75;98;2682,02;18,5;62,08175355;3;Jabłonna
179;780;200;7;2;2;354;2005;15;75;83;2682,02;18,5;62,08175355;3;Jabłonna
180;799;219,8;5;2;2;291;2021;-1;55;50;4415,81;18,1;66,41795894;2;Stare Babice
181;1950;261,2;6;2;3;939;2013;7;60;70;4415,81;18,1;66,41795894;4;Stare Babice
182;2150;248;5;1;3;900;2008;12;52;50;4415,81;18,1;66,41795894;4;Stare Babice
183;1850;194;5;2;3;540;2006;14;60;61;4415,81;18,1;66,41795894;4;Stare Babice
184;1350;270;6;2;3;1600;2005;15;55;50;4415,81;18,1;66,41795894;3;Stare Babice
185;1650;349;7;2;2;1000;2011;9;65;74;4415,81;18,1;66,41795894;3;Stare Babice
186;779;162;5;1;1;865;2004;16;80;67;3035,76;17,2;56,46694352;1;Wieliszew
187;890;137,58;5;1;2;1369;2002;18;85;89;3035,76;17,2;56,46694352;3;Wieliszew
188;1290;174,4;5;1;2;912;2019;1;80;88;3035,76;17,2;56,46694352;4;Wieliszew
189;875;200;5;1;3;1350;2009;11;80;84;3035,76;17,2;56,46694352;2;Wieliszew
190;1950;415;6;1;2;14265;2012;8;90;85;3035,76;17,2;56,46694352;2;Wieliszew
191;860;209,9;6;1;3;1896;2020;0;85;68;3035,76;17,2;56,46694352;2;Wieliszew
192;560;130;4;1;3;600;2016;4;80;88;3035,76;17,2;56,46694352;1;Wieliszew
193;579;140,09;5;1;1;300;2020;0;85;54;2761,4;18,9;51,04242603;2;Nowy Dwór Mazowiecki
195;1590;190;5;2;4;1200;2009;11;65;99;3566,77;16,1;55,16304348;4;Czosnów
196;649;265;6;1;2;2100;2009;11;75;90;3566,77;16,1;55,16304348;1;Czosnów
197;769;150;8;1;3;721;1980;40;65;80;3566,77;16,1;55,16304348;3;Czosnów
198;990;264;8;1;3;1373;2008;12;75;90;3566,77;16,1;55,16304348;3;Czosnów
199;1750;290;5;1;2;1000;2010;10;65;78;3566,77;16,1;55,16304348;3;Czosnów
200;1590;190;6;1;2;1199;2009;11;80;92;2409,17;17,5;57,98249029;4;Góra Kalwaria
201;1850;260;5;1;3;902;2008;12;85;92;2409,17;17,5;57,98249029;4;Góra Kalwaria
202;750;162,8;5;3;1;900;2003;17;80;118;2409,17;17,5;57,98249029;1;Góra Kalwaria
203;1000;216,4;10;1;3;1870;2013;7;80;77;2409,17;17,5;57,98249029;1;Góra Kalwaria
204;1100;300;6;3;3;1074;1992;28;100;59;2409,17;17,5;57,98249029;2;Góra Kalwaria
205;1590;233;6;1;2;3263;2004;16;80;112;2409,17;17,5;57,98249029;3;Góra Kalwaria
206;1150;208;6;1;2;1000;2010;10;80;91;2409,17;17,5;57,98249029;3;Góra Kalwaria
207;4400;935;8;2;7;935;2014;6;65;70;3301,17;20,2;63,47344785;3;Józefów
208;899;280;7;2;2;530;1990;30;55;51;3301,17;20,2;63,47344785;2;Józefów
209;842;132,5;4;1;3;160;2020;0;55;61;3301,17;20,2;63,47344785;3;Józefów
210;1650;539;9;2;1;2525;2003;17;55;48;3301,17;20,2;63,47344785;2;Józefów
211;4100;780;9;2;5;1193;2004;16;60;54;3301,17;20,2;63,47344785;4;Józefów
212;1050;120,7;5;1;2;795;2006;14;65;50;3301,17;20,2;63,47344785;2;Józefów
213;2500;312;6;2;3;1250;2000;20;55;56;3301,17;20,2;63,47344785;4;Józefów
214;999;257,3;6;2;3;2508;2002;18;65;57;3301,17;20,2;63,47344785;1;Józefów
215;3200;484;8;1;2;1850;2012;8;55;61;3301,17;20,2;63,47344785;3;Józefów
216;1990;220,96;6;2;2;1497;2008;12;60;56;3301,17;20,2;63,47344785;1;Józefów
217;950;390;9;1;3;850;1991;29;55;48;3301,17;20,2;63,47344785;1;Józefów
218;1250;190;7;1;2;473;2013;7;50;57;3301,17;20,2;63,47344785;3;Józefów
219;1700;270;7;1;2;1600;1998;22;55;65;3301,17;20,2;63,47344785;1;Józefów
220;1079;300;7;1;2;700;1990;30;55;56;3301,17;20,2;63,47344785;2;Józefów
221;3900;400;6;1;4;10000;2001;19;55;58;3301,17;20,2;63,47344785;3;Józefów
222;888;150;3;0;1;1381;2021;-1;55;56;3301,17;20,2;63,47344785;2;Józefów
223;1699;315,4;7;1;3;1500;2008;12;55;56;3301,17;20,2;63,47344785;2;Józefów
224;770;150;5;2;2;650;2019;1;50;57;3301,17;20,2;63,47344785;1;Józefów
225;2650;500;9;1;4;1700;2003;17;50;43;4342,56;19,6;66,95095618;4;Wawer
226;1045;127;5;2;4;216;2020;0;35;49;4342,56;19,6;66,95095618;;Wawer
227;2500;260;6;1;3;1500;1997;23;45;39;4342,56;19,6;66,95095618;3;Wawer
228;1285;160;5;1;2;1100;2006;14;45;51;4342,56;19,6;66,95095618;4;Wawer
229;1100;320;5;2;3;505;2000;20;40;38;4342,56;19,6;66,95095618;1;Wawer
230;1725;300;8;2;2;976;1990;30;50;49;4342,56;19,6;66,95095618;2;Wawer
231;925;140;5;1;2;908;1950;70;45;35;4342,56;19,6;66,95095618;1;Wawer
232;1300;396;7;2;3;500;1998;22;40;32;4342,56;19,6;66,95095618;1;Wawer
233;1749;240;8;2;2;1730;1934;86;40;28;4342,56;19,6;66,95095618;;Wawer
234;1995;380;6;1;5;1350;1999;21;50;43;4342,56;19,6;66,95095618;2;Wawer
235;1395;270;7;2;3;520;2007;13;55;43;4342,56;19,6;66,95095618;4;Wawer
236;3500;584;10;1;5;1874;1994;26;40;32;4342,56;19,6;66,95095618;4;Wawer
237;3999;600;9;1;4;4000;2003;17;45;35;4342,56;19,6;66,95095618;3;Wawer
238;900;110;4;1;2;153;1970;50;45;41;4342,56;19,6;66,95095618;1;Wawer
239;1230;180;6;2;3;500;2004;16;45;43;4342,56;19,6;66,95095618;3;Wawer
240;1950;395;7;1;3;1077;2003;17;45;53;4342,56;19,6;66,95095618;2;Wawer
241;2000;384,84;9;2;3;1603;2004;16;55;58;4342,56;19,6;66,95095618;4;Wawer
242;2390;300;6;3;3;600;2014;6;40;25;4342,56;19,6;66,95095618;4;Wawer
243;2650;333;7;1;2;1040;2011;9;45;39;4342,56;19,6;66,95095618;3;Wawer
244;3290;320;6;1;3;1044;2012;8;40;50;4342,56;19,6;66,95095618;4;Wawer
245;4690;437;15;2;7;1336;2010;10;50;48;4342,56;19,6;66,95095618;4;Wawer
246;3999;480;7;1;3;1800;1991;29;45;61;4342,56;19,6;66,95095618;5;Wawer
247;2500;307;8;2;3;900;2005;15;45;47;4342,56;19,6;66,95095618;5;Wawer
248;1249;209;5;1;2;600;2001;19;45;47;4342,56;19,6;66,95095618;4;Wawer
249;3500;584,4;5;3;3;1874;1994;26;40;29;4342,56;19,6;66,95095618;3;Wawer
250;1950;395;7;1;4;1603;2004;16;55;61;4342,56;19,6;66,95095618;3;Wawer
251;2199;350;8;3;4;1184;1994;26;40;25;4342,56;19,6;66,95095618;3;Wawer
252;4250;535;9;2;5;2532;2002;18;45;61;4342,56;19,6;66,95095618;4;Wawer
253;4400;332;5;1;3;1570;2012;8;45;43;4342,56;19,6;66,95095618;5;Wawer
254;1300;395;7;2;2;541;1998;22;40;32;4342,56;19,6;66,95095618;1;Wawer
255;1880;257;7;1;3;708;1980;40;50;47;4342,56;19,6;66,95095618;4;Wawer
256;2600;280;6;3;3;500;2000;20;40;28;4342,56;19,6;66,95095618;4;Wawer
257;2650;333;6;1;2;1040;2011;9;45;39;4342,56;19,6;66,95095618;4;Wawer
258;2950;230,59;5;1;1;557;2017;3;45;39;4342,56;19,6;66,95095618;4;Wawer
259;3000;360;6;1;2;1212;1989;31;45;33;4342,56;19,6;66,95095618;3;Wawer
260;1150;150;4;1;1;1241;1974;46;45;36;4342,56;19,6;66,95095618;1;Wawer
261;2490;267;7;1;3;1200;2008;12;45;34;4342,56;19,6;66,95095618;3;Wawer
262;2650;325;6;1;2;1000;2011;9;45;39;4342,56;19,6;66,95095618;4;Wawer
263;2500;290;5;2;3;2000;1997;23;35;49;4342,56;19,6;66,95095618;3;Wawer
264;1250;154;7;2;2;1043;1980;40;55;44;4342,56;20,4;60,66100337;1;Rembertów
265;1300;277;5;1;1;1373;2002;18;50;41;4342,56;20,4;60,66100337;3;Rembertów
266;1100;130;5;1;2;1500;1980;40;50;27;4342,56;20,4;60,66100337;1;Rembertów
267;2860;260;4;2;2;450;1980;40;30;26;4342,56;21,3;68,21767615;3;Żoliborz
268;9900;616;7;3;3;629;2005;15;24;21;4342,56;21,3;68,21767615;4;Żoliborz
269;2290;265;7;2;2;158;1996;24;30;25;4342,56;21,3;68,21767615;3;Żoliborz
270;3390;180;5;2;3;220;1960;60;26;27;4342,56;21,3;68,21767615;5;Żoliborz
271;2650;180;6;2;2;300;1920;100;24;22;4342,56;21,3;68,21767615;;Żoliborz
272;10900;350;6;2;4;679;1937;83;26;27;4342,56;21,3;68,21767615;;Żoliborz
273;4950;350;6;2;2;360;2010;10;30;26;4342,56;21,3;68,21767615;4;Żoliborz
274;4800;300;6;2;4;200;1997;23;26;27;4342,56;21,3;68,21767615;4;Żoliborz
275;4300;244,2;5;2;5;578;1989;31;35;28;4342,56;21,3;68,21767615;4;Żoliborz
276;4500;400;14;2;5;778;1936;84;24;22;4342,56;21,3;68,21767615;;Żoliborz
277;9500;480;8;2;5;565;1930;90;26;27;4342,56;21,3;68,21767615;;Żoliborz
278;1700;120;5;2;2;360;1930;90;24;21;4342,56;21,3;68,21767615;;Żoliborz
279;2500;360;12;3;4;300;1986;34;35;27;4342,56;21,3;68,21767615;3;Żoliborz
280;2500;290;6;2;3;400;1936;84;24;22;4342,56;21,3;68,21767615;;Żoliborz
281;2200;177,76;4;1;2;220;1989;31;24;28;4342,56;22,7;64,4756701;3;Praga-Południe
282;2600;220;6;2;2;380;1947;73;20;25;4342,56;22,7;64,4756701;3;Praga-Południe
283;2700;270;6;2;3;1034;1992;28;26;31;4342,56;22,7;64,4756701;4;Praga-Południe
284;6400;587,93;24;3;2;781;1960;60;20;25;4342,56;22,7;64,4756701;4;Praga-Południe
285;2690;220;6;2;2;380;1947;73;20;25;4342,56;22,7;64,4756701;3;Praga-Południe
286;1150;201,66;6;2;3;167;2000;20;35;25;4342,56;22,7;64,4756701;1;Praga-Południe
287;1100;240;5;2;2;471;2000;20;40;30;4342,56;22,7;64,4756701;1;Praga-Południe
288;2000;132;5;2;1;200;2010;10;22;25;4342,56;22,7;64,4756701;3;Praga-Południe
289;1900;400;9;2;3;80;1994;26;35;29;4342,56;22,7;64,4756701;3;Praga-Południe
290;1399;210,2;9;2;2;715;2013;7;60;55;2667,66;23,6;59,57936279;4;Pruszków
291;5490;380;7;1;4;2200;1930;90;50;81;2667,66;23,6;59,57936279;3;Pruszków
292;1299;151,5;5;1;2;846;2002;18;55;81;2667,66;23,6;59,57936279;3;Pruszków
293;890;210;2;2;;514;1989;31;50;53;2667,66;23,6;59,57936279;2;Pruszków
294;1300;279,3;7;2;4;668;2004;16;50;57;2667,66;23,6;59,57936279;3;Pruszków
295;1190;170;5;1;;601;2010;10;60;54;2667,66;23,6;59,57936279;3;Pruszków
296;999,9;180;4;2;2;370;1986;34;50;56;2667,66;23,6;59,57936279;4;Pruszków
297;899,9;230;11;4;2;388;1986;34;50;79;2667,66;23,6;59,57936279;3;Pruszków
298;999;280;6;2;2;800;1992;28;55;45;2667,66;23,6;59,57936279;3;Pruszków
299;990;280;6;3;2;642;1983;37;55;33;2667,66;23,6;59,57936279;2;Pruszków
300;1020;180;5;2;2;800;1978;42;50;53;2667,66;23,6;59,57936279;2;Pruszków
301;699;136;4;1;2;400;2021;-1;50;59;2667,66;23,6;59,57936279;;Pruszków
302;795;175;5;2;2;536;1999;21;55;46;2667,66;23,6;59,57936279;2;Pruszków
303;3200;180;5;2;2;2240;2016;4;55;79;2667,66;23,6;59,57936279;3;Pruszków
304;1130;160;5;2;2;600;2009;11;60;51;2667,66;23,6;59,57936279;3;Pruszków
305;1280;276;7;1;4;629;2005;15;50;81;2667,66;23,6;59,57936279;2;Pruszków
306;1389,999;260;7;2;2;970;2004;16;55;41;2667,66;23,6;59,57936279;2;Pruszków
307;2200;300;5;3;3;1200;2000;20;50;80;2667,66;23,6;59,57936279;2;Pruszków
308;1025;170;5;1;2;700;1978;42;50;56;2667,66;23,6;59,57936279;2;Pruszków
309;1149,9;170;5;1;2;520;2004;16;65;49;3499,65;18,6;58,46481557;2;Brwinów
310;770;270;5;2;2;879;1996;24;60;50;3499,65;18,6;58,46481557;2;Brwinów
311;929,8;162,7;5;1;2;640;2009;11;65;49;3499,65;18,6;58,46481557;3;Brwinów
312;866,1;157,5;6;1;3;379;2019;1;60;64;3499,65;18,6;58,46481557;3;Brwinów
313;1050;165;4;1;2;1260;2006;14;60;52;3499,65;18,6;58,46481557;4;Brwinów
314;800;300,5;9;2;3;1052;1992;28;60;67;3499,65;18,6;58,46481557;1;Brwinów
315;920;110;4;2;2;882;1960;60;65;47;3499,65;18,6;58,46481557;3;Brwinów
316;929,8;162,7;5;1;2;640;2009;11;65;49;3499,65;18,6;58,46481557;2;Brwinów
317;1199,9;170;5;1;1;900;2010;10;60;79;3499,65;18,6;58,46481557;1;Brwinów
318;2075;210,74;6;1;2;900;2019;1;60;70;3499,65;18,6;58,46481557;4;Brwinów
319;1670;310;5;2;3;1053;2013;7;60;85;3499,65;18,6;58,46481557;4;Brwinów
320;595;190;5;2;2;332;2016;4;50;64;3499,65;18,6;58,46481557;1;Brwinów
321;1999;600;4;1;2;4364;2015;5;55;63;3499,65;18,6;58,46481557;1;Brwinów
322;465;203;5;1;2;1500;BRAK;BRAK;60;105;3499,65;18,6;58,46481557;;Brwinów
323;999;137;4;1;1;1460;2001;19;50;83;3499,65;18,6;58,46481557;2;Brwinów
324;1580;220;6;1;2;13500;2010;10;55;85;3499,65;18,6;58,46481557;3;Brwinów
325;750;280;5;3;3;1000;2020;0;50;96;3499,65;18,6;58,46481557;1;Brwinów
326;700;250;4;2;1;428;2001;19;60;53;3499,65;18,6;58,46481557;2;Brwinów
327;1980;460;7;2;3;1200;1995;25;55;56;3499,65;18,6;58,46481557;3;Brwinów
328;840;340;8;2;4;990;1937;83;60;48;3499,65;18,6;58,46481557;1;Brwinów
329;1199;200;5;1;2;906;2012;8;55;81;3499,65;18,6;58,46481557;4;Brwinów
330;790;250;6;1;2;1168;1987;33;50;54;3499,65;18,6;58,46481557;1;Brwinów
331;940;270;7;2;2;1799;2001;19;55;68;3499,65;18,6;58,46481557;3;Brwinów
332;490;115;5;1;2;1269;1950;70;55;41;3499,65;18,6;58,46481557;1;Brwinów
333;1290;240;7;2;2;2003;1984;36;60;57;3499,65;18,6;58,46481557;3;Brwinów
334;3500;461;8;1;3;17520;2002;18;50;92;3499,65;18,6;58,46481557;3;Brwinów
335;950;300;15;3;3;1800;1933;87;55;52;3499,65;18,6;58,46481557;;Brwinów
336;625;100;4;1;1;1607;1974;46;55;56;3499,65;18,6;58,46481557;3;Brwinów
337;1650;326;5;1;2;932;2019;1;40;58;5134,53;20,6;67,59257426;4;Michałowice
338;2500;445;8;1;3;915;2005;15;35;53;5134,53;20,6;67,59257426;3;Michałowice
339;950;240;5;4;2;410;2000;20;50;71;5134,53;20,6;67,59257426;1;Michałowice
340;2150;202;4;1;2;1530;2008;12;40;71;5134,53;20,6;67,59257426;4;Michałowice
341;1290;312,4;13;1;2;964;1995;25;40;69;5134,53;20,6;67,59257426;3;Michałowice
342;1900;260;5;1;3;1500;2009;11;40;77;5134,53;20,6;67,59257426;3;Michałowice
343;2870;170;5;1;2;1583;2006;14;40;49;5134,53;20,6;67,59257426;3;Michałowice
344;895;130;4;1;2;270;2020;0;45;61;5134,53;20,6;67,59257426;1;Michałowice
345;1750;357;11;1;2;1386;2000;20;45;80;5134,53;20,6;67,59257426;4;Michałowice
346;4250;480;;1;6;1000;2018;2;35;32;5134,53;20,6;67,59257426;3;Michałowice
347;1750;329;4;3;3;1250;1993;27;45;46;5134,53;20,6;67,59257426;3;Michałowice
348;1350;371;8;1;6;1005;2010;10;40;81;5134,53;20,6;67,59257426;1;Michałowice
349;2499,999;150;4;3;2;1344;1930;90;45;76;5134,53;20,6;67,59257426;;Michałowice
350;1990;500;7;2;2;1140;1992;28;35;50;5134,53;20,6;67,59257426;4;Michałowice
351;1700;450;6;2;4;624;1997;23;45;48;5134,53;20,6;67,59257426;4;Michałowice
352;1850;300;6;1;3;1116;1935;85;45;45;5134,53;20,6;67,59257426;;Michałowice
353;1050;400;7;2;3;396;2000;20;45;84;5134,53;20,6;67,59257426;1;Michałowice
354;2950;850;9;2;5;1604;2007;13;45;50;5134,53;20,6;67,59257426;3;Michałowice
355;950;170;5;1;2;900;2011;9;50;79;5134,53;20,6;67,59257426;3;Michałowice
356;3600;370;7;1;2;1400;2002;18;40;47;5134,53;20,6;67,59257426;5;Michałowice
357;1190;224;5;2;2;1100;2009;11;50;103;6448,75;16,8;61,03098101;3;Nadarzyn
358;1300;460;10;3;3;960;BRAK;BRAK;50;88;6448,75;16,8;61,03098101;;Nadarzyn
359;1600;399;6;2;2;1354;2008;12;50;85;6448,75;16,8;61,03098101;3;Nadarzyn
360;1550;470;7;2;2;1530;2012;8;55;119;6448,75;16,8;61,03098101;3;Nadarzyn
361;1700;190;3;1;2;618;2010;10;50;82;6448,75;16,8;61,03098101;3;Nadarzyn
362;1350;236;4;1;3;1200;2012;8;55;121;6448,75;16,8;61,03098101;4;Nadarzyn
363;1899;350;7;1;2;800;2010;10;50;88;6448,75;16,8;61,03098101;4;Nadarzyn
364;689,9;194,61;6;1;3;712;2020;0;55;112;6448,75;16,8;61,03098101;;Nadarzyn
365;2700;281;6;2;3;1000;BRAK;BRAK;45;88;6448,75;16,8;61,03098101;;Nadarzyn
366;830;193;6;2;3;1000;2003;17;45;76;6448,75;16,8;61,03098101;2;Nadarzyn
367;580;180;6;1;2;400;2000;20;50;91;6448,75;16,8;61,03098101;2;Nadarzyn
368;795;200;5;1;3;1023;2000;20;50;98;6448,75;16,8;61,03098101;3;Nadarzyn
369;785;200;5;2;3;1023;1998;22;50;95;6448,75;16,8;61,03098101;2;Nadarzyn
370;1170;237;5;1;2;1050;2008;12;55;93;6448,75;16,8;61,03098101;3;Nadarzyn
371;1875;280;4;1;2;1000;2007;13;50;93;6448,75;16,8;61,03098101;1;Nadarzyn
372;1070;180;5;1;2;950;2013;7;55;106;6448,75;16,8;61,03098101;4;Nadarzyn
373;899;160;4;1;2;950;2016;4;50;93;6448,75;16,8;61,03098101;1;Nadarzyn
374;960;186;5;2;3;600;2011;9;55;112;6448,75;16,8;61,03098101;4;Nadarzyn
375;3600;710;8;1;7;3700;2012;8;55;108;6448,75;16,8;61,03098101;4;Nadarzyn
376;1790;200;5;1;1;4000;2000;20;50;89;6448,75;16,8;61,03098101;1;Nadarzyn
377;990;209;6;1;3;1225;2021;-1;50;80;6448,75;16,8;61,03098101;;Nadarzyn
378;700;168,85;7;1;2;350;2005;15;50;89;6448,75;16,8;61,03098101;2;Nadarzyn
379;2600;380;8;2;3;327;2001;19;35;36;4342,56;22,1;68,03854452;1;Mokotów
380;1950;227,5;6;3;1;225;1972;48;35;40;4342,56;22,1;68,03854452;1;Mokotów
381;2500;210;5;2;2;263;1958;62;22;25;4342,56;22,1;68,03854452;1;Mokotów
382;6900;300;6;3;3;766;1930;90;20;25;4342,56;22,1;68,03854452;;Mokotów
383;2480;188;8;3;2;260;1960;60;24;28;4342,56;22,1;68,03854452;2;Mokotów
384;3100;330;6;3;3;330;1950;70;35;37;4342,56;22,1;68,03854452;2;Mokotów
385;3500;505;7;2;3;550;1989;31;35;36;4342,56;22,1;68,03854452;1;Mokotów
386;1950;176;6;1;2;451;1965;55;28;25;4342,56;22,1;68,03854452;1;Mokotów
387;2990;300;12;1;2;795;1997;23;26;22;4342,56;22,1;68,03854452;3;Mokotów
388;1740;160;6;2;3;193;1990;30;35;35;4342,56;22,1;68,03854452;3;Mokotów
389;1950;190;5;2;2;348;1956;64;35;36;4342,56;22,1;68,03854452;1;Mokotów
390;3490;393;6;1;3;551;1996;24;35;36;4342,56;22,1;68,03854452;1;Mokotów
391;6300;400;8;4;2;825;1998;22;35;36;4342,56;22,1;68,03854452;4;Mokotów
392;4750;250;6;1;3;420;2011;9;30;29;4342,56;22,1;68,03854452;3;Mokotów
393;1799;201;7;2;2;328;1958;62;24;26;4342,56;22,1;68,03854452;2;Mokotów
394;1999;400;10;2;5;330;1995;25;28;26;4342,56;22,1;68,03854452;1;Mokotów
395;998;86;4;2;1;305;1968;52;35;34;4342,56;22,1;68,03854452;3;Mokotów
396;2550;400;6;3;3;500;2008;12;28;25;4342,56;22,1;68,03854452;2;Mokotów
397;1290;200;5;4;3;200;1992;28;35;35;4342,56;22,1;68,03854452;3;Mokotów
398;8500;470;7;2;3;755;2006;14;22;25;4342,56;22,1;68,03854452;4;Mokotów
399;1520;185,2;5;2;2;305;1964;56;35;34;4342,56;22,1;68,03854452;1;Mokotów
400;5500;241;6;2;5;350;2005;15;22;27;4342,56;22,1;68,03854452;4;Mokotów
401;2350;199;6;2;3;315;1960;60;24;30;4342,56;22,1;68,03854452;1;Mokotów
402;2999;323;4;1;2;375;1960;60;24;27;4342,56;22,1;68,03854452;1;Mokotów
403;2450;200;5;2;3;280;1965;55;26;27;4342,56;22,1;68,03854452;1;Mokotów
404;1800;170;5;1;3;395;1978;42;30;38;4342,56;22,1;68,03854452;1;Mokotów
405;6190;168;4;1;1;740;1928;92;16;17;4342,56;22,1;68,03854452;;Mokotów
406;3050;210;7;2;2;357;1993;27;35;38;4342,56;22,1;68,03854452;4;Mokotów
407;1800;290;7;2;5;390;1991;29;28;38;4342,56;22,1;68,03854452;1;Mokotów
408;1739;161;8;3;3;300;1976;44;35;32;4342,56;22,1;68,03854452;2;Mokotów
409;1859;153;4;1;2;298;1991;29;35;32;4342,56;22,1;68,03854452;2;Mokotów
410;3550;256;5;3;2;261;1950;70;24;28;4342,56;22,1;68,03854452;3;Mokotów
411;4000;350;8;1;3;205;1993;27;30;38;4342,56;22,1;68,03854452;2;Mokotów
412;5600;750;10;2;5;814;1930;90;35;37;4342,56;22,1;68,03854452;;Mokotów
413;2950;260;6;2;4;330;2020;0;35;39;4342,56;22,1;68,03854452;;Mokotów
414;1750;250;6;2;4;220;1992;28;35;34;4342,56;22,1;68,03854452;3;Mokotów
415;3100;280;8;2;3;320;2015;5;35;38;4342,56;22,1;68,03854452;3;Mokotów
416;5200;300;5;2;3;300;1958;62;18;18;4342,56;22,1;68,03854452;4;Mokotów
417;2950;233;6;2;2;427;1986;34;35;34;4342,56;22,1;68,03854452;2;Mokotów
418;4300;270;5;2;4;400;1960;60;22;21;4342,56;22,1;68,03854452;4;Mokotów
419;1380;260;6;2;2;535;2011;9;55;57;4342,56;21,9;64,10423164;2;Targówek
420;1250;214;5;2;1;375;1984;36;45;37;4342,56;21,9;64,10423164;2;Targówek
421;999;270;5;2;2;650;2005;15;40;43;4342,56;21,9;64,10423164;3;Targówek
422;1650;282;8;2;2;282;2007;13;40;32;4342,56;21,9;64,10423164;3;Targówek
423;1800;300;9;3;3;375;1997;23;45;37;4342,56;21,9;64,10423164;3;Targówek
424;1650;385;8;1;2;385;1935;85;35;26;4342,56;21,9;64,10423164;;Targówek
425;1150;107;4;1;3;177;1980;40;50;31;4342,56;21,9;64,10423164;3;Targówek
426;1380;200;5;2;3;200;2004;16;50;53;4342,56;21,9;64,10423164;3;Targówek
427;1900;300;6;3;3;578;2003;17;40;32;4342,56;21,9;64,10423164;3;Targówek
428;4320;500;9;2;6;774;2001;19;40;35;4342,56;21,9;64,10423164;3;Targówek
429;1690;340;8;2;2;340;2000;20;50;47;4342,56;21,9;64,10423164;3;Targówek
430;1380;240;7;2;3;600;1990;30;50;44;4342,56;21,9;64,10423164;3;Targówek
431;1250;140;6;2;2;612;1970;50;50;34;4342,56;21,9;64,10423164;3;Targówek
432;1700;164,7;5;3;2;427;1994;26;40;30;4342,56;21,9;64,10423164;2;Targówek
433;750;140;4;1;2;500;1980;40;45;39;4342,56;21,9;64,10423164;1;Targówek
434;2100;230;8;2;2;550;1938;82;35;27;4342,56;22,1;59,57161155;;Wola
435;1949;190;5;1;2;493;2016;4;35;27;4342,56;22,1;59,57161155;4;Wola
436;1649;190;8;1;2;228;1950;70;35;24;4342,56;22,1;59,57161155;3;Wola
437;2690;240;5;2;2;238;2006;14;28;28;4342,56;25,4;65,01384905;4;Ochota
438;2979;190,3;5;1;2;369;1997;23;24;23;4342,56;25,4;65,01384905;4;Ochota
439;2690;240;6;2;2;250;2009;11;28;20;4342,56;25,4;65,01384905;4;Ochota
440;2990;290;8;2;6;479;2000;20;28;20;4342,56;25,4;65,01384905;3;Ochota
441;1960;187,6;3;2;3;212;2000;20;26;28;4342,56;25,4;65,01384905;3;Ochota
442;1690;238;6;2;2;160;2000;20;35;31;4342,56;19,8;70,81218105;3;Wilanów
443;1900;215;4;2;2;410;1995;25;35;47;4342,56;19,8;70,81218105;3;Wilanów
444;2750;267;6;2;3;600;2020;0;50;59;4342,56;19,8;70,81218105;;Wilanów
445;1550;215;5;2;2;850;2020;0;50;59;4342,56;19,8;70,81218105;;Wilanów
446;2650;350;6;2;3;611;1990;30;35;45;4342,56;19,8;70,81218105;2;Wilanów
447;3500;485;6;2;4;1539;2008;12;50;68;4342,56;19,8;70,81218105;3;Wilanów
448;3100;270;6;2;2;555;2005;15;40;46;4342,56;19,8;70,81218105;2;Wilanów
449;4861;448;8;3;3;471;1985;35;35;45;4342,56;19,8;70,81218105;3;Wilanów
450;2650;250;7;2;3;250;2000;20;35;29;4342,56;19,8;70,81218105;3;Wilanów
451;3050;356,2;6;2;3;321;1995;25;40;46;4342,56;19,8;70,81218105;3;Wilanów
452;3100;400;5;2;3;2950;2003;17;55;60;4342,56;19,8;70,81218105;3;Wilanów
453;1899;330;7;2;3;1150;2010;10;55;59;4342,56;19,8;70,81218105;3;Wilanów
454;3900;330;9;3;5;417;2002;18;40;40;4342,56;19,8;70,81218105;4;Wilanów
455;4950;477;10;2;4;712;2006;14;40;47;4342,56;19,8;70,81218105;4;Wilanów
456;3700;327;5;2;4;500;2020;0;50;53;4342,56;19,8;70,81218105;;Wilanów
457;1690;240;5;2;3;200;2002;18;45;47;4342,56;19,8;70,81218105;3;Wilanów
458;3700;327;5;2;4;500;2012;8;50;48;4342,56;19,8;70,81218105;4;Wilanów
459;2300;211;4;1;2;750;2019;1;55;60;4342,56;19,8;70,81218105;4;Wilanów
460;2690;278;6;1;3;1000;2005;15;40;37;4342,56;19,8;70,81218105;3;Wilanów
461;3600;370;8;1;5;1786;2007;13;50;68;4342,56;19,8;70,81218105;3;Wilanów
462;2100;300;10;2;4;461;1970;50;35;45;4342,56;19,8;70,81218105;2;Wilanów
463;3850;390;8;1;5;932;2012;8;55;60;4342,56;19,8;70,81218105;3;Wilanów
464;11500;1100;10;2;9;1320;2016;4;40;37;4342,56;19,8;70,81218105;4;Wilanów
465;1789;280;7;1;2;1100;2010;10;55;53;4342,56;19,8;70,81218105;3;Wilanów
466;2180;214;6;1;3;789;2001;19;50;46;4342,56;19,8;70,81218105;4;Wilanów
467;3850;274;6;1;3;1135;2014;6;60;54;4342,56;19,8;70,81218105;4;Wilanów
468;4600;600;10;2;5;2700;2000;20;50;46;4342,56;19,8;70,81218105;4;Wilanów
469;2999;263;8;1;3;2100;2011;9;60;58;4342,56;19,8;70,81218105;3;Wilanów
470;2400;355;9;1;2;909;2003;17;55;42;4342,56;19,8;70,81218105;3;Wilanów
471;1750;458;5;2;4;473;2014;6;45;48;4342,56;19,8;70,81218105;3;Wilanów
472;1950;184;5;3;3;183;2000;20;40;34;4342,56;20,5;73,51312965;2;Ursynów
473;990;149,3;5;2;2;280;1999;21;45;45;4342,56;20,5;73,51312965;2;Ursynów
474;2550;340;6;2;3;316;2000;20;40;34;4342,56;20,5;73,51312965;2;Ursynów
475;2400;350;6;2;2;1000;2010;10;45;44;4342,56;20,5;73,51312965;3;Ursynów
476;2275;220;6;2;2;280;2008;12;40;45;4342,56;20,5;73,51312965;4;Ursynów
477;1200;183;7;2;3;265;2015;5;55;54;4342,56;20,5;73,51312965;1;Ursynów
478;3000;466;8;2;5;1336;2000;20;45;42;4342,56;20,5;73,51312965;2;Ursynów
479;2190;370;6;1;3;955;2008;12;60;54;4342,56;20,5;73,51312965;4;Ursynów
480;2550;288,1;6;2;3;316;2000;20;55;39;4342,56;20,5;73,51312965;3;Ursynów
481;2599;417;10;2;2;894;2010;10;55;49;4342,56;20,5;73,51312965;4;Ursynów
482;8900;1098;9;1;3;2700;2000;20;45;42;4342,56;20,5;73,51312965;4;Ursynów
483;1899;200;5;2;3;184;1996;24;40;44;4342,56;20,5;73,51312965;3;Ursynów
484;3595;180;3;1;3;536;2016;4;40;35;4342,56;20,5;73,51312965;4;Ursynów
485;1750;318;6;2;2;778;2001;19;45;44;4342,56;20,5;73,51312965;3;Ursynów
486;1990;190;5;2;3;183;1995;25;40;35;4342,56;20,5;73,51312965;3;Ursynów
487;3850;610;13;3;6;850;2002;18;45;41;4342,56;20,5;73,51312965;1;Ursynów
488;1690;164,6;5;2;3;348;2013;7;55;47;4342,56;20,5;73,51312965;4;Ursynów
489;2100;233;5;2;2;268;2000;20;40;30;4342,56;20,5;73,51312965;3;Ursynów
490;2300;287;6;2;3;140;2002;18;40;34;4342,56;20,5;73,51312965;3;Ursynów
491;2599;390;8;3;4;440;1997;23;45;40;4342,56;20,5;73,51312965;3;Ursynów
492;915;110;4;1;1;401;2009;11;55;54;4342,56;20,5;73,51312965;4;Ursynów
493;2492;280;7;2;3;2200;1988;32;50;46;4342,56;20,5;73,51312965;3;Ursynów
494;1499;256;5;2;2;120;2003;17;50;43;4342,56;20,5;73,51312965;3;Ursynów
495;2200;244;5;2;3;400;2009;11;40;35;4342,56;20,5;73,51312965;4;Ursynów
496;1549;171;6;2;3;202;1995;25;40;32;4342,56;20,5;73,51312965;3;Ursynów
497;3400;264;4;2;2;1062;2001;19;50;46;4342,56;20,5;73,51312965;2;Ursynów
498;6000;630;6;2;5;1600;1993;27;45;47;4342,56;20,5;73,51312965;3;Ursynów
499;2500;280;7;2;2;295;2016;4;35;42;4342,56;20,5;73,51312965;3;Ursynów
500;2580;290;6;1;3;1220;2016;4;55;46;4342,56;19,1;71,37431225;4;Wesoła
501;2500;600;9;2;9;1254;1992;28;55;47;4342,56;19,1;71,37431225;2;Wesoła
502;1750;340;6;2;2;1234;2006;14;60;34;4342,56;19,1;71,37431225;3;Wesoła
503;1700;280;6;1;3;900;1999;21;50;40;4342,56;19,1;71,37431225;2;Wesoła
504;1600;240;8;1;2;1200;2004;16;55;50;4342,56;19,1;71,37431225;3;Wesoła
505;1575;277;6;1;2;171;2007;13;55;57;4342,56;19,1;71,37431225;4;Wesoła
506;1350;395;8;2;3;1244;2000;20;55;39;4342,56;19,1;71,37431225;2;Wesoła
507;1325;129;4;2;2;342;2000;20;55;46;4342,56;19,1;71,37431225;4;Wesoła
508;1130;228;7;2;4;637;1988;32;55;37;4342,56;19,1;71,37431225;2;Wesoła
509;749;180;4;1;3;170;1995;25;50;55;4342,56;19,1;71,37431225;1;Wesoła
510;1990;500;7;2;2;700;1991;29;65;43;2665,82;20,6;61,11203564;3;Sulejówek
511;1290;195;6;1;2;900;2008;12;70;41;2665,82;20,6;61,11203564;3;Sulejówek
512;999;210;6;1;2;1490;1990;30;60;69;2665,82;20,6;61,11203564;1;Sulejówek
513;900;300;6;1;3;1010;1983;37;70;43;2665,82;20,6;61,11203564;2;Sulejówek
514;850;296;9;2;2;747;1969;51;75;47;2665,82;20,6;61,11203564;2;Sulejówek
515;799;350;9;3;3;626;2000;20;70;44;2665,82;20,6;61,11203564;2;Sulejówek
516;790;176;4;1;2;BRAK;2003;17;55;70;4832,34;17,9;69,89077811;3;Lesznowola
517;839;104;4;2;1;119;2017;3;65;56;4832,34;17,9;69,89077811;4;Lesznowola
518;1680;249,2;4;1;3;1019;2005;15;55;78;4832,34;17,9;69,89077811;3;Lesznowola
519;1385;286;6;3;3;810;2019;1;50;70;4832,34;17,9;69,89077811;4;Lesznowola
520;725;170;6;1;2;1100;1980;40;60;55;4832,34;17,9;69,89077811;2;Lesznowola
521;2550;380;6;1;2;1700;BRAK;BRAK;60;85;4832,34;17,9;69,89077811;;Lesznowola
522;730;190;5;1;3;500;2019;1;55;83;4832,34;17,9;69,89077811;1;Lesznowola
523;1295;215;5;1;3;1300;2009;11;60;78;4832,34;17,9;69,89077811;4;Lesznowola
524;1350;387;7;2;2;1400;2000;20;75;73;4832,34;17,9;69,89077811;4;Lesznowola
525;1200;214,99;5;1;2;965;2010;10;55;93;4832,34;17,9;69,89077811;4;Lesznowola
526;1400;282,7;8;1;5;1000;2005;15;50;73;4832,34;17,9;69,89077811;3;Lesznowola
527;1750;390,6;7;2;3;1029;2009;11;60;80;4832,34;17,9;69,89077811;3;Lesznowola
528;1250;170;5;2;2;1400;2010;10;55;54;4832,34;17,9;69,89077811;1;Lesznowola
529;799,999;164,82;5;1;2;464;2018;2;50;90;4832,34;17,9;69,89077811;1;Lesznowola
530;5950;857,3;8;2;6;1800;2005;15;50;68;4832,34;17,9;69,89077811;5;Lesznowola
531;1350;387;7;2;2;1400;2000;20;75;73;4832,34;17,9;69,89077811;3;Lesznowola
532;1350;404;6;1;3;2000;1975;45;70;60;4832,34;17,9;69,89077811;2;Lesznowola
533;920;170;4;1;3;600;2014;6;60;84;4832,34;17,9;69,89077811;2;Lesznowola
534;2250;245;5;2;2;3391;2013;7;60;75;4832,34;17,9;69,89077811;3;Lesznowola
535;1220;126;4;1;2;269;BRAK;BRAK;65;50;4832,34;17,9;69,89077811;;Lesznowola
536;1200;200;6;2;4;798;2010;10;50;69;4832,34;17,9;69,89077811;2;Lesznowola
537;1700;317;7;1;2;1304;2001;19;65;105;3621,55;18,3;64,13352434;4;Piaseczno
538;660;113;4;1;2;161;2008;12;65;74;3621,55;18,3;64,13352434;2;Piaseczno
539;1800;400;10;1;2;2400;2000;20;60;73;3621,55;18,3;64,13352434;2;Piaseczno
540;1158,3;225,57;5;2;2;368;BRAK;BRAK;60;69;3621,55;18,3;64,13352434;;Piaseczno
541;2470;290;7;1;3;1069;2017;3;80;88;3621,55;18,3;64,13352434;4;Piaseczno
542;620;93,98;5;2;3;250;2021;-1;60;76;3621,55;18,3;64,13352434;;Piaseczno
543;1170;173,51;5;1;3;1000;2020;0;70;95;3621,55;18,3;64,13352434;;Piaseczno
544;2500;400;7;1;3;1000;2014;6;70;82;3621,55;18,3;64,13352434;4;Piaseczno
545;1250;228;6;2;2;340;2009;11;60;68;3621,55;18,3;64,13352434;4;Piaseczno
546;798;100;4;2;2;400;1997;23;60;68;3621,55;18,3;64,13352434;1;Piaseczno
547;1600;450;5;1;3;702;2002;18;60;68;3621,55;18,3;64,13352434;4;Piaseczno
548;775;220;6;2;;395;1982;38;75;63;3621,55;18,3;64,13352434;2;Piaseczno
549;1275;239;5;2;2;229;2000;20;85;67;3621,55;18,3;64,13352434;4;Piaseczno
550;664;119,14;4;1;2;161;2006;14;65;75;3621,55;18,3;64,13352434;4;Piaseczno
551;1750;384;9;1;2;1077;2000;20;60;72;3621,55;18,3;64,13352434;2;Piaseczno
552;1600;525;6;1;3;1864;2000;20;85;60;3621,55;18,3;64,13352434;4;Piaseczno
553;1070;180;5;1;2;200;BRAK;BRAK;65;76;3621,55;18,3;64,13352434;;Piaseczno
554;595;100;5;2;2;88;1999;21;65;74;3621,55;18,3;64,13352434;2;Piaseczno
555;1070;180;6;1;2;228;2010;10;65;76;3621,55;18,3;64,13352434;3;Piaseczno
556;980;161;5;1;2;359;2010;10;65;79;3621,55;18,3;64,13352434;3;Piaseczno
557;1990;427;8;1;3;5000;2005;15;65;87;3621,55;18,3;64,13352434;4;Piaseczno
558;1150;186,5;5;1;3;304;2009;11;75;68;3621,55;18,3;64,13352434;3;Piaseczno
559;3990;653;8;2;4;3059;2009;11;70;84;3621,55;18,3;64,13352434;5;Piaseczno
560;595;100;5;3;2;100;BRAK;BRAK;65;71;3621,55;18,3;64,13352434;;Piaseczno
561;865;200;6;1;2;509;2003;17;80;87;3621,55;18,3;64,13352434;3;Piaseczno
562;1690;357;7;2;3;1046;2014;6;65;81;3621,55;18,3;64,13352434;4;Piaseczno
563;820;134,6;4;1;2;1000;2004;16;90;100;3621,55;18,3;64,13352434;3;Piaseczno
564;1100;180;6;1;2;228;2010;10;60;74;3621,55;18,3;64,13352434;3;Piaseczno
565;760;110;4;1;1;250;2009;11;65;74;3621,55;18,3;64,13352434;3;Piaseczno
566;2600;320;5;1;3;1387;2004;16;70;83;3621,55;18,3;64,13352434;4;Piaseczno
567;1790;340;5;2;3;1799;2005;15;85;61;3621,55;18,3;64,13352434;3;Piaseczno
568;729;180;5;2;1;146;2000;20;60;62;3621,55;18,3;64,13352434;2;Piaseczno
569;1149;184;5;2;3;469;2003;17;75;62;3621,55;18,3;64,13352434;3;Piaseczno
570;1800;440;10;1;2;2400;2000;20;80;83;3621,55;18,3;64,13352434;1;Piaseczno
571;1195;164;5;1;2;443;2009;11;75;67;3621,55;18,3;64,13352434;4;Piaseczno
572;2900;300;7;1;3;2000;2014;6;70;77;3621,55;18,3;64,13352434;1;Piaseczno
573;1600;332,8;6;2;2;1047;2008;12;85;59;3621,55;18,3;64,13352434;1;Piaseczno
574;1799;480;10;1;2;2400;2000;20;60;73;3621,55;18,3;64,13352434;2;Piaseczno
575;899;200;5;2;2;1355;BRAK;BRAK;70;81;3621,55;18,3;64,13352434;;Piaseczno
576;595;100;5;3;2;88;BRAK;BRAK;65;71;3621,55;18,3;64,13352434;;Piaseczno
577;1070;180;6;2;2;228;2010;10;65;78;3621,55;18,3;64,13352434;2;Piaseczno
578;810;175;6;1;1;1873;1975;45;70;80;3621,55;18,3;64,13352434;1;Piaseczno
579;1500;360;9;1;2;1500;1998;22;85;70;3621,55;18,3;64,13352434;3;Piaseczno
580;2100;229,1;6;1;2;2391,5;2010;10;70;81;3621,55;18,3;64,13352434;2;Piaseczno
581;1613,955;404,5;8;3;3;775;2003;17;65;78;3621,55;18,3;64,13352434;2;Piaseczno
582;2500;240;6;2;3;1110;2008;12;38;60;3621,55;18,3;64,13352434;4;Piaseczno
583;2980;564;7;1;3;2200;2004;16;65;72;3621,55;18,3;64,13352434;4;Piaseczno
584;3600;430;6;1;3;2500;2011;9;60;71;3621,55;18,3;64,13352434;4;Piaseczno
585;1599;320,3;7;1;2;3001;2004;16;70;84;3621,55;18,3;64,13352434;4;Piaseczno
586;1850;420;9;2;2;1846;2012;8;80;63;3621,55;18,3;64,13352434;3;Piaseczno
587;1099;300;4;1;3;580;1991;29;75;56;3621,55;18,3;64,13352434;2;Piaseczno
588;6690;740;14;2;5;1400;2013;7;70;84;3621,55;18,3;64,13352434;3;Piaseczno
589;1350;230;5;2;3;500;2007;13;55;63;3621,55;18,3;64,13352434;3;Piaseczno
590;970;180;4;1;1;398;2002;18;75;77;3621,55;18,3;64,13352434;4;Piaseczno
591;1350;280;6;1;4;2159;2002;18;75;84;3621,55;18,3;64,13352434;3;Piaseczno
592;1920;280;7;3;2;1800;BRAK;BRAK;60;68;3621,55;18,3;64,13352434;;Piaseczno
593;750;150;4;1;2;600;2020;0;85;72;3621,55;18,3;64,13352434;;Piaseczno
594;940;175,14;6;1;3;208;2020;0;60;69;3621,55;18,3;64,13352434;;Piaseczno
595;900;160;4;2;2;330;2002;18;70;72;3621,55;18,3;64,13352434;3;Piaseczno
596;950;260;7;1;3;880;2008;12;75;100;3621,55;18,3;64,13352434;3;Piaseczno
597;1800;250;4;2;2;2039;2000;20;85;81;3621,55;18,3;64,13352434;1;Piaseczno
598;880;100;5;2;2;220;2003;17;55;45;4342,56;21,1;69,51921492;3;Białołęka
599;795;150;4;3;2;333;2006;14;50;46;4342,56;21,1;69,51921492;1;Białołęka
600;7800;400;4;1;3;2000;2002;18;55;42;4342,56;21,1;69,51921492;5;Białołęka
601;1800;219;6;1;2;1500;2011;9;65;67;4342,56;21,1;69,51921492;4;Białołęka
602;990;138;6;2;1;904;1996;24;50;52;4342,56;21,1;69,51921492;3;Białołęka
603;2250;330;5;3;3;3000;1998;22;50;54;4342,56;21,1;69,51921492;3;Białołęka
604;1350;160;5;1;2;750;2007;13;65;66;4342,56;21,1;69,51921492;4;Białołęka
605;1495;212,24;9;2;2;341;1997;23;50;50;4342,56;21,1;69,51921492;3;Białołęka
606;2390;300;4;2;2;1714;1984;36;50;47;4342,56;21,1;69,51921492;2;Białołęka
607;1200;110;4;1;2;400;2020;0;50;55;4342,56;21,1;69,51921492;;Białołęka
608;1280;194;5;1;2;538;2004;16;50;52;4342,56;21,1;69,51921492;3;Białołęka
609;1899;305,9;6;1;3;1138;2008;12;55;44;4342,56;21,1;69,51921492;3;Białołęka
610;1600;320;6;1;2;980;1995;25;50;51;4342,56;21,1;69,51921492;2;Białołęka
611;2490;381;7;1;3;1278;2002;18;50;56;4342,56;21,1;69,51921492;4;Białołęka
612;1250;150;4;1;2;2000;2003;17;65;77;4342,56;21,1;69,51921492;3;Białołęka
613;2500;368;5;1;3;2132;2002;18;60;69;4342,56;21,1;69,51921492;2;Białołęka
614;760;230;5;1;2;672;1999;21;60;58;4342,56;21,1;69,51921492;2;Białołęka
615;1500;206;7;1;2;886;2018;2;55;47;4342,56;21,1;69,51921492;3;Białołęka
616;1400;317;8;1;4;1033;1999;21;55;62;4342,56;21,1;69,51921492;2;Białołęka
617;1100;154,25;5;1;2;1656;2008;12;50;50;4342,56;21,1;69,51921492;3;Białołęka
618;1499;350;6;2;4;924;1998;22;60;60;4342,56;21,1;69,51921492;2;Białołęka
619;849;175;5;2;2;300;2009;11;60;57;4342,56;21,1;69,51921492;3;Białołęka
620;1890;491,1;10;1;4;1500;2014;6;65;62;4342,56;21,1;69,51921492;3;Białołęka
621;880;122;5;1;2;220;2003;17;55;47;4342,56;21,1;69,51921492;2;Białołęka
622;1450;174;5;1;3;324;2009;11;50;44;4342,56;21,1;69,51921492;3;Białołęka
623;750;113;4;2;2;118;2002;18;65;60;4342,56;21,1;69,51921492;2;Białołęka
624;895;257;4;1;2;290;2010;10;50;52;4342,56;21,1;69,51921492;1;Białołęka
625;1590;240;6;1;1;800;2010;10;60;59;4342,56;21,1;69,51921492;3;Białołęka
626;877;223,79;6;3;3;311;2005;15;45;48;4342,56;21,1;69,51921492;1;Białołęka
627;2400;291,67;5;2;3;841;2012;8;50;54;4342,56;21,1;69,51921492;4;Białołęka
628;1495;318;6;1;2;974;1994;26;50;50;4342,56;21,1;69,51921492;2;Białołęka
629;1490;396;8;2;2;1100;1996;24;55;60;4342,56;21,1;69,51921492;3;Białołęka
630;750;231;6;1;2;600;1998;22;60;54;4342,56;21,1;69,51921492;2;Białołęka
631;950;241;6;2;2;1378;1999;21;60;69;4342,56;21,1;69,51921492;2;Białołęka
632;1690;242,99;5;1;2;1093;2018;2;65;66;4342,56;21,1;69,51921492;3;Białołęka
633;1985;264;6;1;3;1364;2008;12;55;62;4342,56;21,1;69,51921492;3;Białołęka
634;1590;240;5;1;2;825;2010;10;60;61;4342,56;21,1;69,51921492;3;Białołęka
635;1154,8;161,33;5;2;2;186,43;2021;-1;45;44;4342,56;21;69,30551878;;Bemowo
636;1700;400;7;1;3;241;1994;26;45;42;4342,56;21;69,30551878;2;Bemowo
637;1150;152,85;5;3;3;200;2020;0;40;43;4342,56;21;69,30551878;;Bemowo
638;1179;159;4;2;2;359;2007;13;40;41;4342,56;21;69,30551878;3;Bemowo
639;1350;240;5;3;2;254;1990;30;45;45;4342,56;21;69,30551878;1;Bemowo
640;1690;245;8;2;3;317;1996;24;45;34;4342,56;21;69,30551878;3;Bemowo
641;2250;400;8;1;2;900;1981;39;40;32;4342,56;21;69,30551878;2;Bemowo
642;1250;75,8;3;1;1;836;1936;84;45;44;4342,56;21;69,30551878;1;Bemowo
643;2780;200,92;6;2;3;209,92;2020;0;35;28;4342,56;23,3;71,8012987;;Włochy
644;749;150;7;1;1;395;1995;25;40;52;4342,56;23,3;71,8012987;1;Włochy
645;855;65;2;1;1;238;2018;2;35;44;4342,56;23,3;71,8012987;4;Włochy
646;1080;160;6;2;3;220;2021;-1;40;30;4342,56;23,3;71,8012987;;Włochy
647;1350;246;5;1;2;700;2009;11;40;56;4342,56;23,3;71,8012987;2;Włochy
648;1399;192;5;1;2;170;2003;17;45;34;4342,56;23,3;71,8012987;3;Włochy
649;3200;360;7;2;3;380;2002;18;35;27;4342,56;23,3;71,8012987;1;Włochy
650;2950;293;5;1;3;1724;1998;22;35;33;4342,56;23,3;71,8012987;4;Włochy
651;1490;293;6;3;2;1350;1991;29;40;50;4342,56;23,3;71,8012987;2;Włochy
652;1270;147;6;1;2;344;1999;21;35;34;4342,56;23,3;71,8012987;3;Włochy
653;1490;397;8;2;2;552;1934;86;40;42;4342,56;23,3;71,8012987;;Włochy
654;2200;240;4;2;2;645;2007;13;55;49;4342,56;21,3;66,4623335;3;Bielany
655;2600;351,49;10;2;1;575;BRAK;BRAK;50;42;4342,56;21,3;66,4623335;;Bielany
656;1530;159;5;2;2;420;2021;-1;45;42;4342,56;21,3;66,4623335;;Bielany
657;875;107,2;4;2;1;BRAK;2021;-1;45;33;4342,56;21,3;66,4623335;;Bielany
658;2450;285;10;2;3;880;2007;13;50;42;4342,56;21,3;66,4623335;3;Bielany
659;1580;201;5;1;3;329;2011;9;50;44;4342,56;21,3;66,4623335;4;Bielany
660;2600;170;5;2;2;267;1926;94;40;30;4342,56;21,3;66,4623335;;Bielany
661;4000;600;10;3;4;347;2007;13;35;27;4342,56;21,3;66,4623335;3;Bielany
662;910;107,27;5;2;2;BRAK;2021;-1;50;35;4342,56;21,3;66,4623335;;Bielany
663;1300;176;5;2;2;279;2007;13;50;43;4342,56;21,3;66,4623335;3;Bielany
664;1980;210;3;3;2;223;1936;84;40;30;4342,56;21,3;66,4623335;;Bielany
665;1990;218;6;1;3;468;2020;0;50;42;4342,56;21,3;66,4623335;;Bielany
666;4650;264;7;2;3;416;1928;92;40;30;4342,56;21,3;66,4623335;;Bielany
667;3200;210;4;2;2;600;1938;82;40;29;4342,56;21,3;66,4623335;;Bielany
668;1240;101;3;2;1;1771;1980;40;55;47;4342,56;21,3;66,4623335;1;Bielany
669;4000;336;5;2;3;1100;1998;22;35;28;4342,56;21,3;66,4623335;4;Bielany
670;4980;510;3;1;2;1222;2010;10;45;37;4342,56;21,3;66,4623335;4;Bielany
671;2800;270;8;2;3;500;2012;8;45;44;4342,56;21,3;66,4623335;3;Bielany
672;1780;330;6;2;5;550;2020;0;55;60;4342,56;21,3;66,4623335;;Bielany
673;2240;220;7;1;2;373;BRAK;BRAK;35;33;4342,56;21,3;66,4623335;;Bielany
674;1285;315;5;1;2;1150;2003;17;70;42;2283,89;18,6;57,20379747;2;Halinów
675;1250;245;7;1;3;760;2009;11;70;48;2283,89;18,6;57,20379747;2;Halinów
676;950;191,29;5;1;2;914;2010;10;85;54;2283,89;18,6;57,20379747;2;Halinów
677;850;200;5;1;2;1000;2010;10;70;53;2283,89;18,6;57,20379747;2;Halinów
678;885;141;4;1;2;808;2006;14;75;54;2283,89;18,6;57,20379747;3;Halinów
679;825;275;8;1;2;712;1999;21;65;52;2283,89;18,6;57,20379747;2;Halinów
680;790;202,5;6;1;2;1270;2005;15;70;54;2283,89;18,6;57,20379747;2;Halinów
681;790;128;5;1;2;1697;2000;20;70;59;2283,89;18,6;57,20379747;2;Halinów
682;780;134;5;1;1;734;2019;1;70;52;2283,89;18,6;57,20379747;3;Halinów
683;2200;226;4;1;2;4000;2004;16;75;91;4095,66;18;60,89282609;4;Wiązowna
684;1150;400;8;1;3;1600;1998;22;65;77;4095,66;18;60,89282609;2;Wiązowna
685;1115;178;6;2;3;780;2012;8;65;75;4095,66;18;60,89282609;4;Wiązowna
686;990;246;5;1;2;900;2001;19;65;67;4095,66;18;60,89282609;3;Wiązowna
687;1249;150,8;4;1;2;3026;2004;16;70;52;3767,35;17,6;56,59409607;3;Błonie
688;800;350;8;1;3;799;2010;10;70;52;3767,35;17,6;56,59409607;2;Błonie
689;750;191,1;4;1;1;455;2008;12;70;79;3767,35;17,6;56,59409607;3;Błonie
690;4999;460;5;1;3;3002;2010;10;55;55;4607,3;19,4;61,84622857;4;Ożarów Mazowiecki
691;1990;373;6;1;2;1895;2008;12;50;52;4607,3;19,4;61,84622857;3;Ożarów Mazowiecki
692;1999;320;7;2;3;650;1996;24;60;26;4607,3;19,4;61,84622857;3;Ożarów Mazowiecki
693;699;129,97;5;1;2;529;2020;0;55;59;4607,3;19,4;61,84622857;;Ożarów Mazowiecki
694;589;160;5;2;2;600;2020;0;60;67;4607,3;19,4;61,84622857;1;Ożarów Mazowiecki
695;13900;1465;8;1;4;6140;2008;12;55;65;3920,47;18,4;58,71890571;5;Łomianki
696;3800;435;9;1;3;2045;2013;7;55;60;3920,47;18,4;58,71890571;4;Łomianki
697;3400;544,5;6;1;4;1749;2000;20;55;59;3920,47;18,4;58,71890571;3;Łomianki
698;2790;545;6;1;3;1682;2006;14;55;65;3920,47;18,4;58,71890571;4;Łomianki
699;2300;274;5;2;2;1885;1982;38;55;63;3920,47;18,4;58,71890571;2;Łomianki
700;1750;233,5;5;1;2;1068;2010;10;60;66;3920,47;18,4;58,71890571;4;Łomianki
701;1700;248;6;1;2;807;2009;11;55;62;3920,47;18,4;58,71890571;3;Łomianki
702;1630;180;4;1;2;1500;1962;58;55;65;3920,47;18,4;58,71890571;3;Łomianki
703;1410;320;9;3;3;1009;1997;23;60;61;3920,47;18,4;58,71890571;1;Łomianki
704;1399;216,4;5;2;2;391;2010;10;60;71;3920,47;18,4;58,71890571;4;Łomianki
705;1199;164,9;5;1;2;1000;2000;20;60;79;3920,47;18,4;58,71890571;4;Łomianki
706;990;150;7;1;2;777;2002;18;60;64;3920,47;18,4;58,71890571;1;Łomianki
707;820;361,62;6;2;2;300;1994;26;55;58;3920,47;18,4;58,71890571;2;Łomianki
708;4995;252;7;1;3;2750;1990;30;65;56;3120,76;20,9;64,92542763;5;Milanówek
709;3200;388;12;1;4;2030;2007;13;75;57;3120,76;20,9;64,92542763;4;Milanówek
710;2599;291;5;1;3;9568;2001;19;70;57;3120,76;20,9;64,92542763;3;Milanówek
711;2400;374;7;2;3;3317;2002;18;65;62;3120,76;20,9;64,92542763;3;Milanówek
712;1900;361;7;1;2;3000;2005;15;65;62;3120,76;20,9;64,92542763;3;Milanówek
713;1990;193;6;1;2;3600;1928;92;65;62;3120,76;20,9;64,92542763;;Milanówek
714;1750;185;5;1;3;158;2014;6;60;52;3120,76;20,9;64,92542763;4;Milanówek
715;595;198;5;2;3;1520;2005;15;65;86;3755,85;18,4;61,72529635;1;Grodzisk Mazowiecki
716;488;100;5;1;1;250;2019;1;65;87;3755,85;18,4;61,72529635;1;Grodzisk Mazowiecki
717;1200;204;6;1;1;1489;2004;16;65;107;3755,85;18,4;61,72529635;1;Grodzisk Mazowiecki
718;2100;424;7;2;3;3069;BRAK;BRAK;70;102;3755,85;18,4;61,72529635;;Grodzisk Mazowiecki
719;530;119;4;1;1;457;2008;12;75;115;3755,85;18,4;61,72529635;2;Grodzisk Mazowiecki
720;779;150;5;2;2;419;BRAK;BRAK;70;49;3755,85;18,4;61,72529635;;Grodzisk Mazowiecki
721;899;208;6;2;2;1182;BRAK;BRAK;70;66;3755,85;18,4;61,72529635;;Grodzisk Mazowiecki
722;650;220;5;2;2;1500;1994;26;75;63;3755,85;18,4;61,72529635;1;Grodzisk Mazowiecki
723;999;100;3;1;1;4800;1960;60;55;147;3755,85;18,4;61,72529635;3;Grodzisk Mazowiecki
724;780;240;4;2;2;949;1996;24;70;64;3755,85;18,4;61,72529635;1;Grodzisk Mazowiecki
725;1400;550;11;2;3;2094;1996;24;70;65;3755,85;18,4;61,72529635;2;Grodzisk Mazowiecki
726;585;123,9;5;2;2;505;2020;0;80;68;3755,85;18,4;61,72529635;;Grodzisk Mazowiecki
727;1365;304;6;1;1;1980;2008;12;65;93;3755,85;18,4;61,72529635;4;Grodzisk Mazowiecki
728;1900;318;6;1;3;2000;2015;5;70;146;3755,85;18,4;61,72529635;4;Grodzisk Mazowiecki
729;658;128;4;1;2;812;2020;0;60;59;3755,85;18,4;61,72529635;;Grodzisk Mazowiecki
730;849;140;4;2;2;880;2005;15;60;59;3755,85;18,4;61,72529635;3;Grodzisk Mazowiecki
731;750;160;6;2;2;464;1939;81;65;64;3755,85;18,4;61,72529635;;Grodzisk Mazowiecki
732;448;160;4;2;2;614;1988;32;65;79;3755,85;18,4;61,72529635;1;Grodzisk Mazowiecki
733;2690;524;6;1;4;4884;2005;15;60;102;3755,85;18,4;61,72529635;2;Grodzisk Mazowiecki
734;1685;434;6;2;5;2139;1999;21;60;88;3755,85;18,4;61,72529635;3;Grodzisk Mazowiecki
735;3900;600;6;1;3;15000;2014;6;60;92;3755,85;18,4;61,72529635;;Grodzisk Mazowiecki
736;700;150;4;3;3;370;1960;60;70;52;3755,85;18,4;61,72529635;2;Grodzisk Mazowiecki
737;860;140;4;2;2;804;2000;20;80;70;3755,85;18,4;61,72529635;2;Grodzisk Mazowiecki
738;899;140;4;1;2;1100;BRAK;BRAK;65;63;3755,85;18,4;61,72529635;;Grodzisk Mazowiecki
739;674;107;4;1;2;170;2020;0;65;78;3755,85;18,4;61,72529635;;Grodzisk Mazowiecki
740;660;130;4;2;2;199;2013;7;70;72;3755,85;18,4;61,72529635;3;Grodzisk Mazowiecki
